[
  {
    "id": 1,
    "username": "sathimst01@gmail.com",
    "product": "Ultrapods Pro True Wireless Earbuds with Display Bluetooth",
    "price": 499,
    "delivery_charge": 80,
    "total_price": 579,
    "name": "Abir",
    "phone": "01997745623",
    "email": "sathimst01@gmail.com",
    "address": "md a dn",
    "method": "bKash",
    "trx": "123409872",
    "status": "Processing",
    "delivery": "01/06",
    "location": "dhaka",
    "time": "2025-07-21 19:53:28",
    "timestamp": 1753106008,
    "cancelled": false
  },
  {
    "id": 2,
    "username": "xtmhyt019977@gmail.com",
    "product": "Ultrapods Pro True Wireless Earbuds with Display Bluetooth",
    "price": 499,
    "delivery_charge": 80,
    "total_price": 579,
    "name": "xczdkfm adm ad",
    "phone": "01780866734",
    "email": "sathimst01@gmail.com",
    "address": "md a dn",
    "method": "Nagad",
    "trx": "01783855852gg",
    "status": "Processing",
    "delivery": "Not set",
    "location": "Not set",
    "time": "2025-07-21 22:52:54",
    "timestamp": 1753116774,
    "cancelled": false
  }
]