{
  "netflix": {
    "name": "Ultrapods Pro True Wireless Earbuds with Display Bluetooth",
    "price": 499,
    "delivery_charge": 80,
    "stock": true,
    "images": ["netflix1.png", "netflix2.png", "netflix3.png"]
  },
  "youtube": {
    "name": "Rain cloud humidifier",
    "price": 600,
    "delivery_charge": 100,
    "stock": true,
    "images": ["shirt1.png", "shirt2.png", "shirt3.png"]
  },
  "prime": {
    "name": "Amazon",
    "price": 399,
    "delivery_charge": 70,
    "stock": false,
    "images": ["prime1.png", "prime2.png", "prime3.png"]
  },
  "hotstar": {
    "name": "Hotstar",
    "price": 299,
    "delivery_charge": 60,
    "stock": false,
    "images": ["hotstar1.png", "hotstar2.png", "hotstar3.png"]
  },
  "crunchyroll": {
    "name": "Crunchyroll",
    "price": 259,
    "delivery_charge": 60,
    "stock": false,
    "images": ["crunchyroll1.png", "crunchyroll2.png", "crunchyroll3.png"]
  },
  "spotify": {
    "name": "Spotify Premium",
    "price": 199,
    "delivery_charge": 50,
    "stock": false,
    "images": ["spotify1.png", "spotify2.png", "spotify3.png"]
  },
  "discord": {
    "name": "Discord Nitro",
    "price": 299,
    "delivery_charge": 70,
    "stock": false,
    "images": ["discord1.png", "discord2.png", "discord3.png"]
  },
  "amazon_echo": {
    "name": "Amazon Echo Dot",
    "price": 549,
    "delivery_charge": 90,
    "stock": false,
    "images": ["echo1.png", "echo2.png", "echo3.png"]
  },
  "kindle": {
    "name": "Kindle Paperwhite",
    "price": 1299,
    "delivery_charge": 120,
    "stock": false,
    "images": ["kindle1.png", "kindle2.png", "kindle3.png"]
  },
  "fitbit": {
    "name": "Fitbit Charge 5",
    "price": 999,
    "delivery_charge": 100,
    "stock": false,
    "images": ["fitbit1.png", "fitbit2.png", "fitbit3.png"]
  }
}
